STATION,NAME,DATE,DAPR,MDPR,PRCP,SNOW,SNWD,TMAX,TMIN,TOBS,WESD
USC00111550,"CHICAGO NORTHERLY ISLAND, IL US",2020-01-01,,,0,,,43,24,42,
USC00111550,"CHICAGO NORTHERLY ISLAND, IL US",2020-01-02,,,0,,,49,38,44,
USC00111550,"CHICAGO NORTHERLY ISLAND, IL US",2020-01-03,,,0,,,44,34,35,
USC00111550,"CHICAGO NORTHERLY ISLAND, IL US",2020-01-04,,,,,,35,28,28,
USC00111550,"CHICAGO NORTHERLY ISLAND, IL US",2020-01-05,,,0,,,42,25,34,
USC00111550,"CHICAGO NORTHERLY ISLAND, IL US",2020-01-06,,,0,,,43,30,35,
USC00111550,"CHICAGO NORTHERLY ISLAND, IL US",2020-01-07,,,0,,,41,31,31,
USC00111550,"CHICAGO NORTHERLY ISLAND, IL US",2020-01-08,,,0,,,31,17,26,
USC00111550,"CHICAGO NORTHERLY ISLAND, IL US",2020-01-09,,,,,,51,26,50,
USC00111550,"CHICAGO NORTHERLY ISLAND, IL US",2020-01-10,,,0.02,,,50,37,37,
USC00111550,"CHICAGO NORTHERLY ISLAND, IL US",2020-01-11,,,0,,,38,27,29,
USC00111550,"CHICAGO NORTHERLY ISLAND, IL US",2020-01-12,,,0,,,32,26,32,
USC00111550,"CHICAGO NORTHERLY ISLAND, IL US",2020-01-13,,,0,,,34,32,34,
USC00111550,"CHICAGO NORTHERLY ISLAND, IL US",2020-01-14,,,,,,43,31,31,
USC00111550,"CHICAGO NORTHERLY ISLAND, IL US",2020-01-15,,,0,,,37,30,31,
USC00111550,"CHICAGO NORTHERLY ISLAND, IL US",2020-01-16,,,0.02,,,32,18,20,
USC00111550,"CHICAGO NORTHERLY ISLAND, IL US",2020-01-17,,,0,,,30,20,30,
USC00111550,"CHICAGO NORTHERLY ISLAND, IL US",2020-01-18,,,0,,,37,8,8,
USC00111550,"CHICAGO NORTHERLY ISLAND, IL US",2020-01-19,,,0.07,,,24,4,24,
USC00111550,"CHICAGO NORTHERLY ISLAND, IL US",2020-01-20,,,,,,31,22,23,
USC00111550,"CHICAGO NORTHERLY ISLAND, IL US",2020-01-21,,,0,,,31,20,26,
USC00111550,"CHICAGO NORTHERLY ISLAND, IL US",2020-01-22,,,0,,,35,25,33,
USC00111550,"CHICAGO NORTHERLY ISLAND, IL US",2020-01-23,,,0,,,34,29,33,
USC00111550,"CHICAGO NORTHERLY ISLAND, IL US",2020-01-24,,,0,,,37,33,34,
USC00111550,"CHICAGO NORTHERLY ISLAND, IL US",2020-01-25,,,0.04,,,35,33,34,
USC00111550,"CHICAGO NORTHERLY ISLAND, IL US",2020-01-26,,,0.04,,,35,28,29,
USC00111550,"CHICAGO NORTHERLY ISLAND, IL US",2020-01-27,,,0,,,35,28,34,
USC00111550,"CHICAGO NORTHERLY ISLAND, IL US",2020-01-28,,,0,,,34,30,31,
USC00111550,"CHICAGO NORTHERLY ISLAND, IL US",2020-01-29,,,0,,,32,30,31,
USC00111550,"CHICAGO NORTHERLY ISLAND, IL US",2020-01-30,,,0,,,34,30,32,
USC00111550,"CHICAGO NORTHERLY ISLAND, IL US",2020-01-31,,,0.05,,,36,30,34,
USC00111550,"CHICAGO NORTHERLY ISLAND, IL US",2020-02-01,,,0,,,38,32,35,
USC00111550,"CHICAGO NORTHERLY ISLAND, IL US",2020-02-02,,,0,,,53,35,40,
USC00111550,"CHICAGO NORTHERLY ISLAND, IL US",2020-02-03,,,0,,,43,33,37,
USC00111550,"CHICAGO NORTHERLY ISLAND, IL US",2020-02-04,,,0.1,,,38,30,30,
USC00111550,"CHICAGO NORTHERLY ISLAND, IL US",2020-02-05,,,0,,,31,27,29,
USC00111550,"CHICAGO NORTHERLY ISLAND, IL US",2020-02-06,,,0,,,31,27,30,
USC00111550,"CHICAGO NORTHERLY ISLAND, IL US",2020-02-07,,,0.28,,,38,28,30,
USC00111550,"CHICAGO NORTHERLY ISLAND, IL US",2020-02-08,,,0.02,,,36,28,28,
USC00111550,"CHICAGO NORTHERLY ISLAND, IL US",2020-02-09,,,0,,,36,24,35,
USC00111550,"CHICAGO NORTHERLY ISLAND, IL US",2020-02-10,,,0,,,35,27,,
USC00111550,"CHICAGO NORTHERLY ISLAND, IL US",2020-02-12,,,0,,,36,,32,
USC00111550,"CHICAGO NORTHERLY ISLAND, IL US",2020-02-13,,,0.18,,,33,9,9,
USC00111550,"CHICAGO NORTHERLY ISLAND, IL US",2020-02-14,,,0,,,16,2,9,
USC00111550,"CHICAGO NORTHERLY ISLAND, IL US",2020-02-15,,,0,,,33,8,29,
USC00111550,"CHICAGO NORTHERLY ISLAND, IL US",2020-02-16,,,0,,,36,26,31,
USC00111550,"CHICAGO NORTHERLY ISLAND, IL US",2020-02-17,,,0,,,37,29,37,
USC00111550,"CHICAGO NORTHERLY ISLAND, IL US",2020-02-18,,,0,,,39,27,27,
USC00111550,"CHICAGO NORTHERLY ISLAND, IL US",2020-02-19,,,0,,,27,19,21,
USC00111550,"CHICAGO NORTHERLY ISLAND, IL US",2020-02-20,,,0,,,23,13,,
USC00111550,"CHICAGO NORTHERLY ISLAND, IL US",2020-02-21,,,0.09,,,37,,30,
USC00111550,"CHICAGO NORTHERLY ISLAND, IL US",2020-02-22,,,0,,,50,27,38,
USC00111550,"CHICAGO NORTHERLY ISLAND, IL US",2020-02-23,,,0,,,55,34,45,
USC00111550,"CHICAGO NORTHERLY ISLAND, IL US",2020-02-24,,,0,,,45,35,35,
USC00111550,"CHICAGO NORTHERLY ISLAND, IL US",2020-02-25,,,0,,,37,31,31,
USC00111550,"CHICAGO NORTHERLY ISLAND, IL US",2020-02-26,,,0,,,31,,,
USC00111550,"CHICAGO NORTHERLY ISLAND, IL US",2020-02-27,,,0,,,31,23,24,
USC00111550,"CHICAGO NORTHERLY ISLAND, IL US",2020-02-28,,,0.01,,,30,20,24,
USC00111550,"CHICAGO NORTHERLY ISLAND, IL US",2020-02-29,,,0,,,37,19,31,
USC00111550,"CHICAGO NORTHERLY ISLAND, IL US",2020-03-01,,,0.02,,,57,31,48,
USC00111550,"CHICAGO NORTHERLY ISLAND, IL US",2020-03-02,,,0,,,51,33,37,
USC00111550,"CHICAGO NORTHERLY ISLAND, IL US",2020-03-03,,,0,,,48,33,43,
USC00111550,"CHICAGO NORTHERLY ISLAND, IL US",2020-03-04,,,0.03,,,44,35,35,
USC00111550,"CHICAGO NORTHERLY ISLAND, IL US",2020-03-05,,,0.42,,,51,33,36,
USC00111550,"CHICAGO NORTHERLY ISLAND, IL US",2020-03-06,,,0,,,36,30,31,
USC00111550,"CHICAGO NORTHERLY ISLAND, IL US",2020-03-07,,,0,,,51,28,43,
USC00111550,"CHICAGO NORTHERLY ISLAND, IL US",2020-03-08,,,0,,,65,42,55,
USC00111550,"CHICAGO NORTHERLY ISLAND, IL US",2020-03-09,,,0,,,59,48,52,
USC00111550,"CHICAGO NORTHERLY ISLAND, IL US",2020-03-10,,,0,,,52,32,35,
USC00111550,"CHICAGO NORTHERLY ISLAND, IL US",2020-03-11,,,0,,,43,34,40,
USC00111550,"CHICAGO NORTHERLY ISLAND, IL US",2020-03-12,,,0.05,,,56,38,45,
USC00111550,"CHICAGO NORTHERLY ISLAND, IL US",2020-03-13,,,0,,,49,35,40,
USC00111550,"CHICAGO NORTHERLY ISLAND, IL US",2020-03-14,,,0.4,,,40,33,34,
USC00111550,"CHICAGO NORTHERLY ISLAND, IL US",2020-03-15,,,0.32,,,39,33,34,
USC00111550,"CHICAGO NORTHERLY ISLAND, IL US",2020-03-16,,,0,,,40,34,38,
USC00111550,"CHICAGO NORTHERLY ISLAND, IL US",2020-03-17,,,0,,,42,35,37,
USC00111550,"CHICAGO NORTHERLY ISLAND, IL US",2020-03-18,,,0.22,,,44,37,39,
USC00111550,"CHICAGO NORTHERLY ISLAND, IL US",2020-03-19,,,0,,,63,37,63,
USC00111550,"CHICAGO NORTHERLY ISLAND, IL US",2020-03-20,,,0,,,63,29,30,
USC00111550,"CHICAGO NORTHERLY ISLAND, IL US",2020-03-21,,,0,,,30,26,30,
USC00111550,"CHICAGO NORTHERLY ISLAND, IL US",2020-03-22,,,0.03,,,35,30,33,
USC00111550,"CHICAGO NORTHERLY ISLAND, IL US",2020-03-23,,,0.94,,,38,32,35,
USC00111550,"CHICAGO NORTHERLY ISLAND, IL US",2020-03-24,,,0.06,,,40,34,36,
USC00111550,"CHICAGO NORTHERLY ISLAND, IL US",2020-03-25,,,0,,,55,32,51,
USC00111550,"CHICAGO NORTHERLY ISLAND, IL US",2020-03-26,,,0,,,51,36,36,
USC00111550,"CHICAGO NORTHERLY ISLAND, IL US",2020-03-27,,,0,,,43,36,41,
USC00111550,"CHICAGO NORTHERLY ISLAND, IL US",2020-03-28,,,0,,,66,41,61,
USC00111550,"CHICAGO NORTHERLY ISLAND, IL US",2020-03-29,,,0,,,62,43,44,
USC00111550,"CHICAGO NORTHERLY ISLAND, IL US",2020-03-30,,,0.05,,,48,37,37,
USC00111550,"CHICAGO NORTHERLY ISLAND, IL US",2020-03-31,,,0,,,42,36,38,
USC00111550,"CHICAGO NORTHERLY ISLAND, IL US",2020-04-01,,,0,,,46,32,33,
USC00111550,"CHICAGO NORTHERLY ISLAND, IL US",2020-04-02,,,0.13,,,47,32,40,
USC00111550,"CHICAGO NORTHERLY ISLAND, IL US",2020-04-03,,,0.01,,,59,40,55,
USC00111550,"CHICAGO NORTHERLY ISLAND, IL US",2020-04-04,,,0.24,,,56,36,37,
USC00111550,"CHICAGO NORTHERLY ISLAND, IL US",2020-04-05,,,0,,,44,37,37,
USC00111550,"CHICAGO NORTHERLY ISLAND, IL US",2020-04-06,,,0,,,52,36,51,
USC00111550,"CHICAGO NORTHERLY ISLAND, IL US",2020-04-07,,,0.13,,,78,51,51,
USC00111550,"CHICAGO NORTHERLY ISLAND, IL US",2020-04-08,,,0.17,,,51,45,48,
USC00111550,"CHICAGO NORTHERLY ISLAND, IL US",2020-04-09,,,0,,,49,37,37,
USC00111550,"CHICAGO NORTHERLY ISLAND, IL US",2020-04-10,,,0.07,,,44,35,42,
USC00111550,"CHICAGO NORTHERLY ISLAND, IL US",2020-04-11,,,0.02,,,64,42,48,
USC00111550,"CHICAGO NORTHERLY ISLAND, IL US",2020-04-12,,,0.23,,,61,47,55,
USC00111550,"CHICAGO NORTHERLY ISLAND, IL US",2020-04-13,,,0.07,,,55,36,36,
USC00111550,"CHICAGO NORTHERLY ISLAND, IL US",2020-04-14,,,0,,,40,31,35,
USC00111550,"CHICAGO NORTHERLY ISLAND, IL US",2020-04-15,,,0,,,37,27,35,
USC00111550,"CHICAGO NORTHERLY ISLAND, IL US",2020-04-16,,,0.03,,,45,30,42,
USC00111550,"CHICAGO NORTHERLY ISLAND, IL US",2020-04-17,,,0,,,42,33,37,
USC00111550,"CHICAGO NORTHERLY ISLAND, IL US",2020-04-18,,,0.06,,,57,35,48,
USC00111550,"CHICAGO NORTHERLY ISLAND, IL US",2020-04-19,,,0.04,,,58,40,42,
USC00111550,"CHICAGO NORTHERLY ISLAND, IL US",2020-04-20,,,0.01,,,63,40,49,
USC00111550,"CHICAGO NORTHERLY ISLAND, IL US",2020-04-21,,,0.28,,,50,37,40,
USC00111550,"CHICAGO NORTHERLY ISLAND, IL US",2020-04-22,,,0,,,59,40,44,
USC00111550,"CHICAGO NORTHERLY ISLAND, IL US",2020-04-23,,,0.21,,,50,41,42,
USC00111550,"CHICAGO NORTHERLY ISLAND, IL US",2020-04-24,,,1.13,,,43,40,41,
USC00111550,"CHICAGO NORTHERLY ISLAND, IL US",2020-04-25,,,1.71,,,44,40,43,
USC00111550,"CHICAGO NORTHERLY ISLAND, IL US",2020-04-26,,,0,,,57,43,44,
USC00111550,"CHICAGO NORTHERLY ISLAND, IL US",2020-04-27,,,0,,,66,43,57,
USC00111550,"CHICAGO NORTHERLY ISLAND, IL US",2020-04-28,,,0,,,73,48,50,
USC00111550,"CHICAGO NORTHERLY ISLAND, IL US",2020-04-29,,,0,,,60,42,42,
USC00111550,"CHICAGO NORTHERLY ISLAND, IL US",2020-04-30,,,0.02,,,49,41,46,
USC00111550,"CHICAGO NORTHERLY ISLAND, IL US",2020-05-01,,,0.09,,,58,43,58,
USC00111550,"CHICAGO NORTHERLY ISLAND, IL US",2020-05-02,,,0,,,76,58,66,
USC00111550,"CHICAGO NORTHERLY ISLAND, IL US",2020-05-03,,,0,,,68,45,45,
USC00111550,"CHICAGO NORTHERLY ISLAND, IL US",2020-05-04,,,0,,,45,39,42,
USC00111550,"CHICAGO NORTHERLY ISLAND, IL US",2020-05-05,,,0,,,46,42,44,
USC00111550,"CHICAGO NORTHERLY ISLAND, IL US",2020-05-06,,,0.24,,,56,42,54,
USC00111550,"CHICAGO NORTHERLY ISLAND, IL US",2020-05-07,,,0,,,62,42,44,
USC00111550,"CHICAGO NORTHERLY ISLAND, IL US",2020-05-08,,,0,,,44,34,35,
USC00111550,"CHICAGO NORTHERLY ISLAND, IL US",2020-05-12,,,0.13,,,56,,46,
USC00111550,"CHICAGO NORTHERLY ISLAND, IL US",2020-05-13,,,2.93,,,65,45,55,
USC00111550,"CHICAGO NORTHERLY ISLAND, IL US",2020-05-14,,,0.05,,,72,52,61,
USC00111550,"CHICAGO NORTHERLY ISLAND, IL US",2020-05-15,,,,,,68,50,50,
USC00111550,"CHICAGO NORTHERLY ISLAND, IL US",2020-05-16,,,,,,54,48,52,
USC00111550,"CHICAGO NORTHERLY ISLAND, IL US",2020-05-17,,,0,,,65,51,58,
USC00111550,"CHICAGO NORTHERLY ISLAND, IL US",2020-05-18,,,0.05,,,59,49,50,
USC00111550,"CHICAGO NORTHERLY ISLAND, IL US",2020-05-19,,,0,,,54,49,52,
USC00111550,"CHICAGO NORTHERLY ISLAND, IL US",2020-05-20,,,0.86,,,57,50,53,
USC00111550,"CHICAGO NORTHERLY ISLAND, IL US",2020-05-21,,,0,,,60,50,54,
USC00111550,"CHICAGO NORTHERLY ISLAND, IL US",2020-05-22,,,0,,,59,52,53,
USC00111550,"CHICAGO NORTHERLY ISLAND, IL US",2020-05-23,,,0.13,,,68,50,59,
USC00111550,"CHICAGO NORTHERLY ISLAND, IL US",2020-05-24,,,0.02,,,79,59,73,
USC00111550,"CHICAGO NORTHERLY ISLAND, IL US",2020-05-25,,,0.42,,,82,69,75,
USC00111550,"CHICAGO NORTHERLY ISLAND, IL US",2020-05-26,,,0,,,79,62,76,
USC00111550,"CHICAGO NORTHERLY ISLAND, IL US",2020-05-27,,,0,,,76,64,73,
USC00111550,"CHICAGO NORTHERLY ISLAND, IL US",2020-05-28,,,0,,,81,59,59,
USC00111550,"CHICAGO NORTHERLY ISLAND, IL US",2020-05-29,,,0.01,,,74,56,61,
USC00111550,"CHICAGO NORTHERLY ISLAND, IL US",2020-05-30,,,0,,,63,54,54,
USC00111550,"CHICAGO NORTHERLY ISLAND, IL US",2020-05-31,,,0.02,,,58,52,57,
USC00111550,"CHICAGO NORTHERLY ISLAND, IL US",2020-06-01,,,0.3,,,75,55,69,
USC00111550,"CHICAGO NORTHERLY ISLAND, IL US",2020-06-02,,,0,,,92,67,69,
USC00111550,"CHICAGO NORTHERLY ISLAND, IL US",2020-06-03,,,0,,,76,61,63,
USC00111550,"CHICAGO NORTHERLY ISLAND, IL US",2020-06-04,,,0,,,78,63,63,
USC00111550,"CHICAGO NORTHERLY ISLAND, IL US",2020-06-05,,,0,,,87,62,67,
USC00111550,"CHICAGO NORTHERLY ISLAND, IL US",2020-06-06,,,0.54,,,71,57,58,
USC00111550,"CHICAGO NORTHERLY ISLAND, IL US",2020-06-07,,,0.02,,,69,56,61,
USC00111550,"CHICAGO NORTHERLY ISLAND, IL US",2020-06-08,,,0,,,76,60,68,
USC00111550,"CHICAGO NORTHERLY ISLAND, IL US",2020-06-09,,,0.13,,,79,65,78,
USC00111550,"CHICAGO NORTHERLY ISLAND, IL US",2020-06-10,,,0,,,83,62,63,
USC00111550,"CHICAGO NORTHERLY ISLAND, IL US",2020-06-11,,,0,,,80,61,64,
USC00111550,"CHICAGO NORTHERLY ISLAND, IL US",2020-06-12,,,0,,,73,53,55,
USC00111550,"CHICAGO NORTHERLY ISLAND, IL US",2020-06-13,,,0,,,62,51,58,
USC00111550,"CHICAGO NORTHERLY ISLAND, IL US",2020-06-14,,,0,,,63,55,57,
USC00111550,"CHICAGO NORTHERLY ISLAND, IL US",2020-06-15,,,0,,,67,55,57,
USC00111550,"CHICAGO NORTHERLY ISLAND, IL US",2020-06-16,,,0,,,71,57,62,
USC00111550,"CHICAGO NORTHERLY ISLAND, IL US",2020-06-17,,,0.62,,,75,61,67,
USC00111550,"CHICAGO NORTHERLY ISLAND, IL US",2020-06-18,,,0,,,75,63,67,
USC00111550,"CHICAGO NORTHERLY ISLAND, IL US",2020-06-19,,,0.5,,,81,65,,
USC00111550,"CHICAGO NORTHERLY ISLAND, IL US",2020-06-20,,,0.02,,,90,69,71,
USC00111550,"CHICAGO NORTHERLY ISLAND, IL US",2020-06-21,,,0.09,,,76,66,71,
USC00111550,"CHICAGO NORTHERLY ISLAND, IL US",2020-06-22,,,0,,,83,64,67,
USC00111550,"CHICAGO NORTHERLY ISLAND, IL US",2020-06-23,,,0.95,,,77,60,61,
USC00111550,"CHICAGO NORTHERLY ISLAND, IL US",2020-06-24,,,0,,,75,60,68,
USC00111550,"CHICAGO NORTHERLY ISLAND, IL US",2020-06-25,,,0,,,74,64,69,
USC00111550,"CHICAGO NORTHERLY ISLAND, IL US",2020-06-26,,,0.27,,,84,68,73,
USC00111550,"CHICAGO NORTHERLY ISLAND, IL US",2020-06-27,,,0,,,85,71,71,
USC00111550,"CHICAGO NORTHERLY ISLAND, IL US",2020-06-28,,,0,,,76,65,68,
USC00111550,"CHICAGO NORTHERLY ISLAND, IL US",2020-06-29,,,0,,,80,67,71,
USC00111550,"CHICAGO NORTHERLY ISLAND, IL US",2020-06-30,,,0,,,80,68,71,
USC00111550,"CHICAGO NORTHERLY ISLAND, IL US",2020-07-01,,,0,,,79,68,71,
USC00111550,"CHICAGO NORTHERLY ISLAND, IL US",2020-07-02,,,0,,,81,69,70,
USC00111550,"CHICAGO NORTHERLY ISLAND, IL US",2020-07-03,,,0,,,80,69,73,
USC00111550,"CHICAGO NORTHERLY ISLAND, IL US",2020-07-04,,,,,,81,72,72,
USC00111550,"CHICAGO NORTHERLY ISLAND, IL US",2020-07-05,,,,,,81,72,75,
USC00111550,"CHICAGO NORTHERLY ISLAND, IL US",2020-07-06,,,,,,85,75,83,
USC00111550,"CHICAGO NORTHERLY ISLAND, IL US",2020-07-07,,,,,,90,73,74,
USC00111550,"CHICAGO NORTHERLY ISLAND, IL US",2020-07-08,,,,,,83,74,80,
USC00111550,"CHICAGO NORTHERLY ISLAND, IL US",2020-07-09,,,,,,92,71,72,
