STATION,NAME,DATE,PRCP,TAVG,TMAX,TMIN
USW00013743,"WASHINGTON REAGAN NATIONAL AIRPORT, VA US",2020-01-01,0,44,51,35
USW00013743,"WASHINGTON REAGAN NATIONAL AIRPORT, VA US",2020-01-02,0,41,54,32
USW00013743,"WASHINGTON REAGAN NATIONAL AIRPORT, VA US",2020-01-03,0.25,50,53,46
USW00013743,"WASHINGTON REAGAN NATIONAL AIRPORT, VA US",2020-01-04,0.31,53,59,46
USW00013743,"WASHINGTON REAGAN NATIONAL AIRPORT, VA US",2020-01-05,0,43,46,36
USW00013743,"WASHINGTON REAGAN NATIONAL AIRPORT, VA US",2020-01-06,0,43,56,35
USW00013743,"WASHINGTON REAGAN NATIONAL AIRPORT, VA US",2020-01-07,0.32,39,47,32
USW00013743,"WASHINGTON REAGAN NATIONAL AIRPORT, VA US",2020-01-08,0,37,47,30
USW00013743,"WASHINGTON REAGAN NATIONAL AIRPORT, VA US",2020-01-09,0,34,41,29
USW00013743,"WASHINGTON REAGAN NATIONAL AIRPORT, VA US",2020-01-10,0,41,55,35
USW00013743,"WASHINGTON REAGAN NATIONAL AIRPORT, VA US",2020-01-11,0,58,72,46
USW00013743,"WASHINGTON REAGAN NATIONAL AIRPORT, VA US",2020-01-12,0.38,66,70,49
USW00013743,"WASHINGTON REAGAN NATIONAL AIRPORT, VA US",2020-01-13,0,49,53,44
USW00013743,"WASHINGTON REAGAN NATIONAL AIRPORT, VA US",2020-01-14,0.04,47,50,44
USW00013743,"WASHINGTON REAGAN NATIONAL AIRPORT, VA US",2020-01-15,0,49,58,45
USW00013743,"WASHINGTON REAGAN NATIONAL AIRPORT, VA US",2020-01-16,0,51,57,36
USW00013743,"WASHINGTON REAGAN NATIONAL AIRPORT, VA US",2020-01-17,0,36,40,29
USW00013743,"WASHINGTON REAGAN NATIONAL AIRPORT, VA US",2020-01-18,0.25,31,42,27
USW00013743,"WASHINGTON REAGAN NATIONAL AIRPORT, VA US",2020-01-19,0,41,46,28
USW00013743,"WASHINGTON REAGAN NATIONAL AIRPORT, VA US",2020-01-20,0,30,36,24
USW00013743,"WASHINGTON REAGAN NATIONAL AIRPORT, VA US",2020-01-21,0,30,38,23
USW00013743,"WASHINGTON REAGAN NATIONAL AIRPORT, VA US",2020-01-22,0,31,40,24
USW00013743,"WASHINGTON REAGAN NATIONAL AIRPORT, VA US",2020-01-23,0,35,44,27
USW00013743,"WASHINGTON REAGAN NATIONAL AIRPORT, VA US",2020-01-24,0,41,51,34
USW00013743,"WASHINGTON REAGAN NATIONAL AIRPORT, VA US",2020-01-25,1.23,49,52,41
USW00013743,"WASHINGTON REAGAN NATIONAL AIRPORT, VA US",2020-01-26,0,44,50,36
USW00013743,"WASHINGTON REAGAN NATIONAL AIRPORT, VA US",2020-01-27,0,43,50,35
USW00013743,"WASHINGTON REAGAN NATIONAL AIRPORT, VA US",2020-01-28,0,44,49,40
USW00013743,"WASHINGTON REAGAN NATIONAL AIRPORT, VA US",2020-01-29,0,42,47,32
USW00013743,"WASHINGTON REAGAN NATIONAL AIRPORT, VA US",2020-01-30,0,36,44,31
USW00013743,"WASHINGTON REAGAN NATIONAL AIRPORT, VA US",2020-01-31,0.01,39,47,33
USW00013743,"WASHINGTON REAGAN NATIONAL AIRPORT, VA US",2020-02-01,0.06,41,51,31
USW00013743,"WASHINGTON REAGAN NATIONAL AIRPORT, VA US",2020-02-02,0.01,43,55,35
USW00013743,"WASHINGTON REAGAN NATIONAL AIRPORT, VA US",2020-02-03,0,53,63,42
USW00013743,"WASHINGTON REAGAN NATIONAL AIRPORT, VA US",2020-02-04,0.02,56,65,49
USW00013743,"WASHINGTON REAGAN NATIONAL AIRPORT, VA US",2020-02-05,0.13,50,57,39
USW00013743,"WASHINGTON REAGAN NATIONAL AIRPORT, VA US",2020-02-06,0.79,41,47,39
USW00013743,"WASHINGTON REAGAN NATIONAL AIRPORT, VA US",2020-02-07,0.42,50,59,36
USW00013743,"WASHINGTON REAGAN NATIONAL AIRPORT, VA US",2020-02-08,0,38,46,31
USW00013743,"WASHINGTON REAGAN NATIONAL AIRPORT, VA US",2020-02-09,0,40,50,31
USW00013743,"WASHINGTON REAGAN NATIONAL AIRPORT, VA US",2020-02-10,0.43,45,49,43
USW00013743,"WASHINGTON REAGAN NATIONAL AIRPORT, VA US",2020-02-11,0.5,52,58,48
USW00013743,"WASHINGTON REAGAN NATIONAL AIRPORT, VA US",2020-02-12,0.09,47,50,41
USW00013743,"WASHINGTON REAGAN NATIONAL AIRPORT, VA US",2020-02-13,0.3,47,57,41
USW00013743,"WASHINGTON REAGAN NATIONAL AIRPORT, VA US",2020-02-14,0,40,44,26
USW00013743,"WASHINGTON REAGAN NATIONAL AIRPORT, VA US",2020-02-15,0,29,36,22
USW00013743,"WASHINGTON REAGAN NATIONAL AIRPORT, VA US",2020-02-16,0,38,52,32
USW00013743,"WASHINGTON REAGAN NATIONAL AIRPORT, VA US",2020-02-17,0,45,56,38
USW00013743,"WASHINGTON REAGAN NATIONAL AIRPORT, VA US",2020-02-18,0,47,59,41
USW00013743,"WASHINGTON REAGAN NATIONAL AIRPORT, VA US",2020-02-19,0.01,50,56,40
USW00013743,"WASHINGTON REAGAN NATIONAL AIRPORT, VA US",2020-02-20,0,40,42,33
USW00013743,"WASHINGTON REAGAN NATIONAL AIRPORT, VA US",2020-02-21,0,33,39,24
USW00013743,"WASHINGTON REAGAN NATIONAL AIRPORT, VA US",2020-02-22,0,37,55,26
USW00013743,"WASHINGTON REAGAN NATIONAL AIRPORT, VA US",2020-02-23,0,43,59,30
USW00013743,"WASHINGTON REAGAN NATIONAL AIRPORT, VA US",2020-02-24,0,46,60,36
USW00013743,"WASHINGTON REAGAN NATIONAL AIRPORT, VA US",2020-02-25,0.23,49,55,46
USW00013743,"WASHINGTON REAGAN NATIONAL AIRPORT, VA US",2020-02-26,0.17,51,54,44
USW00013743,"WASHINGTON REAGAN NATIONAL AIRPORT, VA US",2020-02-27,0.05,43,45,32
USW00013743,"WASHINGTON REAGAN NATIONAL AIRPORT, VA US",2020-02-28,0,38,48,30
USW00013743,"WASHINGTON REAGAN NATIONAL AIRPORT, VA US",2020-02-29,0,36,39,31
USW00013743,"WASHINGTON REAGAN NATIONAL AIRPORT, VA US",2020-03-01,0,38,52,26
USW00013743,"WASHINGTON REAGAN NATIONAL AIRPORT, VA US",2020-03-02,0.09,49,67,38
USW00013743,"WASHINGTON REAGAN NATIONAL AIRPORT, VA US",2020-03-03,0.07,54,65,45
USW00013743,"WASHINGTON REAGAN NATIONAL AIRPORT, VA US",2020-03-04,0,56,65,46
USW00013743,"WASHINGTON REAGAN NATIONAL AIRPORT, VA US",2020-03-05,0,51,54,41
USW00013743,"WASHINGTON REAGAN NATIONAL AIRPORT, VA US",2020-03-06,0,44,53,37
USW00013743,"WASHINGTON REAGAN NATIONAL AIRPORT, VA US",2020-03-07,0,45,53,39
USW00013743,"WASHINGTON REAGAN NATIONAL AIRPORT, VA US",2020-03-08,0,48,62,36
USW00013743,"WASHINGTON REAGAN NATIONAL AIRPORT, VA US",2020-03-09,0,55,74,43
USW00013743,"WASHINGTON REAGAN NATIONAL AIRPORT, VA US",2020-03-10,0.01,62,72,54
USW00013743,"WASHINGTON REAGAN NATIONAL AIRPORT, VA US",2020-03-11,0,55,57,45
USW00013743,"WASHINGTON REAGAN NATIONAL AIRPORT, VA US",2020-03-12,0,53,64,46
USW00013743,"WASHINGTON REAGAN NATIONAL AIRPORT, VA US",2020-03-13,0.22,60,77,51
USW00013743,"WASHINGTON REAGAN NATIONAL AIRPORT, VA US",2020-03-14,0.12,55,58,42
USW00013743,"WASHINGTON REAGAN NATIONAL AIRPORT, VA US",2020-03-15,0.04,45,51,41
USW00013743,"WASHINGTON REAGAN NATIONAL AIRPORT, VA US",2020-03-16,0,46,55,38
USW00013743,"WASHINGTON REAGAN NATIONAL AIRPORT, VA US",2020-03-17,0.01,51,64,44
USW00013743,"WASHINGTON REAGAN NATIONAL AIRPORT, VA US",2020-03-18,0.08,52,58,44
USW00013743,"WASHINGTON REAGAN NATIONAL AIRPORT, VA US",2020-03-19,0.33,57,75,49
USW00013743,"WASHINGTON REAGAN NATIONAL AIRPORT, VA US",2020-03-20,0.02,68,83,57
USW00013743,"WASHINGTON REAGAN NATIONAL AIRPORT, VA US",2020-03-21,0.08,59,69,47
USW00013743,"WASHINGTON REAGAN NATIONAL AIRPORT, VA US",2020-03-22,0,47,53,40
USW00013743,"WASHINGTON REAGAN NATIONAL AIRPORT, VA US",2020-03-23,0.36,44,47,41
USW00013743,"WASHINGTON REAGAN NATIONAL AIRPORT, VA US",2020-03-24,0,48,55,44
USW00013743,"WASHINGTON REAGAN NATIONAL AIRPORT, VA US",2020-03-25,0.29,48,50,44
USW00013743,"WASHINGTON REAGAN NATIONAL AIRPORT, VA US",2020-03-26,0,50,59,45
USW00013743,"WASHINGTON REAGAN NATIONAL AIRPORT, VA US",2020-03-27,0.01,59,70,51
USW00013743,"WASHINGTON REAGAN NATIONAL AIRPORT, VA US",2020-03-28,0.46,57,59,51
USW00013743,"WASHINGTON REAGAN NATIONAL AIRPORT, VA US",2020-03-29,0,55,71,51
USW00013743,"WASHINGTON REAGAN NATIONAL AIRPORT, VA US",2020-03-30,0,60,76,53
USW00013743,"WASHINGTON REAGAN NATIONAL AIRPORT, VA US",2020-03-31,0.12,54,56,43
USW00013743,"WASHINGTON REAGAN NATIONAL AIRPORT, VA US",2020-04-01,0,47,57,42
USW00013743,"WASHINGTON REAGAN NATIONAL AIRPORT, VA US",2020-04-02,0,53,63,42
USW00013743,"WASHINGTON REAGAN NATIONAL AIRPORT, VA US",2020-04-03,0,57,68,47
USW00013743,"WASHINGTON REAGAN NATIONAL AIRPORT, VA US",2020-04-04,0,55,60,50
USW00013743,"WASHINGTON REAGAN NATIONAL AIRPORT, VA US",2020-04-05,0,56,68,47
USW00013743,"WASHINGTON REAGAN NATIONAL AIRPORT, VA US",2020-04-06,0,62,71,54
USW00013743,"WASHINGTON REAGAN NATIONAL AIRPORT, VA US",2020-04-07,0.37,60,74,54
USW00013743,"WASHINGTON REAGAN NATIONAL AIRPORT, VA US",2020-04-08,0.03,65,78,56
USW00013743,"WASHINGTON REAGAN NATIONAL AIRPORT, VA US",2020-04-09,0.14,62,75,48
USW00013743,"WASHINGTON REAGAN NATIONAL AIRPORT, VA US",2020-04-10,0,49,53,42
USW00013743,"WASHINGTON REAGAN NATIONAL AIRPORT, VA US",2020-04-11,0,50,64,39
USW00013743,"WASHINGTON REAGAN NATIONAL AIRPORT, VA US",2020-04-12,0.21,57,74,46
USW00013743,"WASHINGTON REAGAN NATIONAL AIRPORT, VA US",2020-04-13,2.33,67,81,53
USW00013743,"WASHINGTON REAGAN NATIONAL AIRPORT, VA US",2020-04-14,0.14,55,60,40
USW00013743,"WASHINGTON REAGAN NATIONAL AIRPORT, VA US",2020-04-15,0.16,46,54,38
USW00013743,"WASHINGTON REAGAN NATIONAL AIRPORT, VA US",2020-04-16,0,48,55,42
USW00013743,"WASHINGTON REAGAN NATIONAL AIRPORT, VA US",2020-04-17,0,49,58,38
USW00013743,"WASHINGTON REAGAN NATIONAL AIRPORT, VA US",2020-04-18,0.06,51,56,43
USW00013743,"WASHINGTON REAGAN NATIONAL AIRPORT, VA US",2020-04-19,0,51,66,37
USW00013743,"WASHINGTON REAGAN NATIONAL AIRPORT, VA US",2020-04-20,0,57,64,52
USW00013743,"WASHINGTON REAGAN NATIONAL AIRPORT, VA US",2020-04-21,0.02,56,68,44
USW00013743,"WASHINGTON REAGAN NATIONAL AIRPORT, VA US",2020-04-22,0,50,62,38
USW00013743,"WASHINGTON REAGAN NATIONAL AIRPORT, VA US",2020-04-23,0.74,55,59,49
USW00013743,"WASHINGTON REAGAN NATIONAL AIRPORT, VA US",2020-04-24,0.61,55,61,52
USW00013743,"WASHINGTON REAGAN NATIONAL AIRPORT, VA US",2020-04-25,0.05,56,65,48
USW00013743,"WASHINGTON REAGAN NATIONAL AIRPORT, VA US",2020-04-26,0.23,53,57,50
USW00013743,"WASHINGTON REAGAN NATIONAL AIRPORT, VA US",2020-04-27,0.09,52,60,45
USW00013743,"WASHINGTON REAGAN NATIONAL AIRPORT, VA US",2020-04-28,0.02,51,58,45
USW00013743,"WASHINGTON REAGAN NATIONAL AIRPORT, VA US",2020-04-29,0,59,75,47
USW00013743,"WASHINGTON REAGAN NATIONAL AIRPORT, VA US",2020-04-30,1.1,64,67,57
USW00013743,"WASHINGTON REAGAN NATIONAL AIRPORT, VA US",2020-05-01,0.09,59,67,52
USW00013743,"WASHINGTON REAGAN NATIONAL AIRPORT, VA US",2020-05-02,0,61,72,52
USW00013743,"WASHINGTON REAGAN NATIONAL AIRPORT, VA US",2020-05-03,0.93,64,79,60
USW00013743,"WASHINGTON REAGAN NATIONAL AIRPORT, VA US",2020-05-04,0.09,68,75,56
USW00013743,"WASHINGTON REAGAN NATIONAL AIRPORT, VA US",2020-05-05,0.19,56,58,49
USW00013743,"WASHINGTON REAGAN NATIONAL AIRPORT, VA US",2020-05-06,0.07,52,58,47
USW00013743,"WASHINGTON REAGAN NATIONAL AIRPORT, VA US",2020-05-07,0,54,69,44
USW00013743,"WASHINGTON REAGAN NATIONAL AIRPORT, VA US",2020-05-08,0.12,59,69,41
USW00013743,"WASHINGTON REAGAN NATIONAL AIRPORT, VA US",2020-05-09,0,45,52,37
USW00013743,"WASHINGTON REAGAN NATIONAL AIRPORT, VA US",2020-05-10,0,50,65,38
USW00013743,"WASHINGTON REAGAN NATIONAL AIRPORT, VA US",2020-05-11,0.02,56,63,48
USW00013743,"WASHINGTON REAGAN NATIONAL AIRPORT, VA US",2020-05-12,0,53,64,43
USW00013743,"WASHINGTON REAGAN NATIONAL AIRPORT, VA US",2020-05-13,0,58,71,45
USW00013743,"WASHINGTON REAGAN NATIONAL AIRPORT, VA US",2020-05-14,0.02,60,71,51
USW00013743,"WASHINGTON REAGAN NATIONAL AIRPORT, VA US",2020-05-15,0,71,86,62
USW00013743,"WASHINGTON REAGAN NATIONAL AIRPORT, VA US",2020-05-16,0,75,83,64
USW00013743,"WASHINGTON REAGAN NATIONAL AIRPORT, VA US",2020-05-17,0,66,69,61
USW00013743,"WASHINGTON REAGAN NATIONAL AIRPORT, VA US",2020-05-18,0,62,68,57
USW00013743,"WASHINGTON REAGAN NATIONAL AIRPORT, VA US",2020-05-19,0,63,69,56
USW00013743,"WASHINGTON REAGAN NATIONAL AIRPORT, VA US",2020-05-20,0,58,64,52
USW00013743,"WASHINGTON REAGAN NATIONAL AIRPORT, VA US",2020-05-21,0,59,73,50
USW00013743,"WASHINGTON REAGAN NATIONAL AIRPORT, VA US",2020-05-22,0.58,67,79,60
USW00013743,"WASHINGTON REAGAN NATIONAL AIRPORT, VA US",2020-05-23,0.29,72,83,64
USW00013743,"WASHINGTON REAGAN NATIONAL AIRPORT, VA US",2020-05-24,0,67,70,60
USW00013743,"WASHINGTON REAGAN NATIONAL AIRPORT, VA US",2020-05-25,0,67,78,62
USW00013743,"WASHINGTON REAGAN NATIONAL AIRPORT, VA US",2020-05-26,0,70,80,62
USW00013743,"WASHINGTON REAGAN NATIONAL AIRPORT, VA US",2020-05-27,0,72,80,66
USW00013743,"WASHINGTON REAGAN NATIONAL AIRPORT, VA US",2020-05-28,0.08,75,80,72
USW00013743,"WASHINGTON REAGAN NATIONAL AIRPORT, VA US",2020-05-29,0.01,78,87,70
USW00013743,"WASHINGTON REAGAN NATIONAL AIRPORT, VA US",2020-05-30,0,76,84,69
USW00013743,"WASHINGTON REAGAN NATIONAL AIRPORT, VA US",2020-05-31,0,70,76,61
USW00013743,"WASHINGTON REAGAN NATIONAL AIRPORT, VA US",2020-06-01,0,66,75,54
USW00013743,"WASHINGTON REAGAN NATIONAL AIRPORT, VA US",2020-06-02,0,66,77,58
USW00013743,"WASHINGTON REAGAN NATIONAL AIRPORT, VA US",2020-06-03,0,78,93,68
USW00013743,"WASHINGTON REAGAN NATIONAL AIRPORT, VA US",2020-06-04,0.52,83,92,72
USW00013743,"WASHINGTON REAGAN NATIONAL AIRPORT, VA US",2020-06-05,1.26,77,88,70
USW00013743,"WASHINGTON REAGAN NATIONAL AIRPORT, VA US",2020-06-06,0,79,91,71
USW00013743,"WASHINGTON REAGAN NATIONAL AIRPORT, VA US",2020-06-07,0,77,82,67
USW00013743,"WASHINGTON REAGAN NATIONAL AIRPORT, VA US",2020-06-08,0,74,83,64
USW00013743,"WASHINGTON REAGAN NATIONAL AIRPORT, VA US",2020-06-09,0,77,89,67
USW00013743,"WASHINGTON REAGAN NATIONAL AIRPORT, VA US",2020-06-10,0.15,82,89,76
USW00013743,"WASHINGTON REAGAN NATIONAL AIRPORT, VA US",2020-06-11,0.23,80,87,74
USW00013743,"WASHINGTON REAGAN NATIONAL AIRPORT, VA US",2020-06-12,0,80,88,68
USW00013743,"WASHINGTON REAGAN NATIONAL AIRPORT, VA US",2020-06-13,0,74,80,65
USW00013743,"WASHINGTON REAGAN NATIONAL AIRPORT, VA US",2020-06-14,0,71,78,63
USW00013743,"WASHINGTON REAGAN NATIONAL AIRPORT, VA US",2020-06-15,0,70,78,63
USW00013743,"WASHINGTON REAGAN NATIONAL AIRPORT, VA US",2020-06-16,0,70,78,65
USW00013743,"WASHINGTON REAGAN NATIONAL AIRPORT, VA US",2020-06-17,0.85,69,73,65
USW00013743,"WASHINGTON REAGAN NATIONAL AIRPORT, VA US",2020-06-18,0,73,81,68
USW00013743,"WASHINGTON REAGAN NATIONAL AIRPORT, VA US",2020-06-19,0.01,75,84,69
USW00013743,"WASHINGTON REAGAN NATIONAL AIRPORT, VA US",2020-06-20,0.47,73,79,69
USW00013743,"WASHINGTON REAGAN NATIONAL AIRPORT, VA US",2020-06-21,0,,86,70
USW00013743,"WASHINGTON REAGAN NATIONAL AIRPORT, VA US",2020-06-22,0,,90,71
USW00013743,"WASHINGTON REAGAN NATIONAL AIRPORT, VA US",2020-06-23,0,,89,71
USW00013743,"WASHINGTON REAGAN NATIONAL AIRPORT, VA US",2020-06-24,0,,86,74
USW00013743,"WASHINGTON REAGAN NATIONAL AIRPORT, VA US",2020-06-25,0,79,86,71
USW00013743,"WASHINGTON REAGAN NATIONAL AIRPORT, VA US",2020-06-26,0,77,90,66
USW00013743,"WASHINGTON REAGAN NATIONAL AIRPORT, VA US",2020-06-27,0.02,82,93,75
USW00013743,"WASHINGTON REAGAN NATIONAL AIRPORT, VA US",2020-06-28,0,82,91,76
USW00013743,"WASHINGTON REAGAN NATIONAL AIRPORT, VA US",2020-06-29,0,83,92,75
USW00013743,"WASHINGTON REAGAN NATIONAL AIRPORT, VA US",2020-06-30,0,83,92,73
USW00013743,"WASHINGTON REAGAN NATIONAL AIRPORT, VA US",2020-07-01,0.12,80,90,73
USW00013743,"WASHINGTON REAGAN NATIONAL AIRPORT, VA US",2020-07-02,0,81,92,72
USW00013743,"WASHINGTON REAGAN NATIONAL AIRPORT, VA US",2020-07-03,0,86,97,76
USW00013743,"WASHINGTON REAGAN NATIONAL AIRPORT, VA US",2020-07-04,0,86,94,78
USW00013743,"WASHINGTON REAGAN NATIONAL AIRPORT, VA US",2020-07-05,0,83,93,76
USW00013743,"WASHINGTON REAGAN NATIONAL AIRPORT, VA US",2020-07-06,0.43,84,96,72
USW00013743,"WASHINGTON REAGAN NATIONAL AIRPORT, VA US",2020-07-07,2.04,78,90,71
USW00013743,"WASHINGTON REAGAN NATIONAL AIRPORT, VA US",2020-07-08,0,83,92,76
USW00013743,"WASHINGTON REAGAN NATIONAL AIRPORT, VA US",2020-07-09,0,82,91,75
USW00013743,"WASHINGTON REAGAN NATIONAL AIRPORT, VA US",2020-07-10,0,83,91,76
